date,close,ma_short,ma_long,volatility,regime_raw,regime
2024-01-02,3386.3522,3368.17926,3501.899823333333,0.009629711254794213,bear,bear
2024-01-03,3378.2971,3367.3812599999997,3497.2526766666665,0.008662018373417768,bear,bear
2024-01-04,3347.0519,3364.753955,3491.91107,0.0088806655194835,bear,bear
2024-01-05,3329.1114,3361.6454099999996,3485.6898866666666,0.008933853773931395,bear,bear
2024-01-08,3286.0564,3355.97514,3479.400653333333,0.009287545046646459,bear,bear
2024-01-09,3292.4994,3349.6273699999997,3473.8323566666663,0.009160637297002864,bear,bear
2024-01-10,3277.129,3342.14367,3467.794476666667,0.009130785283227397,bear,bear
2024-01-11,3295.6717,3338.4470049999995,3462.54606,0.008615865006944274,bear,bear
2024-01-12,3284.1667,3335.057145,3458.3897633333336,0.00858027245214619,bear,bear
2024-01-15,3280.9195,3332.0255349999998,3454.56194,0.00856578865361483,bear,bear
2024-01-16,3300.8762,3330.60106,3451.67248,0.00867598311253897,bear,bear
2024-01-17,3229.082,3325.3530999999994,3447.3716766666666,0.009884124255400046,bear,bear
2024-01-18,3274.7286,3324.2144200000002,3443.54286,0.010214374791649208,bear,bear
2024-01-19,3269.7763,3321.159745,3439.470051666666,0.009916906627794294,bear,bear
2024-01-22,3218.9016,3315.2434200000002,3433.7453266666666,0.0104151944777891,bear,bear
2024-01-23,3231.9329,3309.467525,3427.881345,0.010441461707440989,bear,bear
2024-01-24,3277.1089,3307.0834600000003,3422.9580666666666,0.010930750328961337,bear,bear
2024-01-25,3342.9189,3307.411545,3419.156268333333,0.011853546002598947,bear,bear
2024-01-26,3333.8213,3303.375595,3415.483475,0.010518940713536564,bear,bear
2024-01-29,3303.9604,3297.0181199999997,3410.813875,0.010557841418937125,bear,bear
2024-01-30,3245.0387,3289.9524450000004,3404.3543799999998,0.010875035708637674,bear,bear
2024-01-31,3215.3518,3281.8051800000003,3397.614255,0.01098980526636359,bear,bear
2024-02-01,3217.7109,3275.33813,3391.058231666667,0.01088914839636259,bear,bear
2024-02-02,3179.6276,3267.86394,3383.8382533333333,0.011091451910733024,bear,bear
2024-02-05,3200.4218,3263.5822099999996,3377.4037949999997,0.010956891476373964,bear,bear
2024-02-06,3311.6922,3264.54185,3372.9417633333333,0.01360138336657155,bear,bear
2024-02-07,3343.6303,3267.8669149999996,3368.9679616666667,0.013698071749175903,bear,bear
2024-02-08,3364.9297,3271.329815,3364.9293666666663,0.013711476175546964,sideways,bear
2024-02-19,3403.8078,3277.31187,3362.1200949999998,0.013856590982956505,sideways,bear
2024-02-20,3410.8542,3283.8086049999997,3359.499856666667,0.013840114621917447,sideways,sideways
2024-02-21,3456.8713,3291.6083599999997,3357.50899,0.014051700721916804,sideways,sideways
2024-02-22,3486.6747,3304.4879950000004,3355.935778333333,0.012897614539707794,sideways,sideways
2024-02-23,3489.7416,3315.238645,3355.024535,0.012684015715594622,sideways,sideways
2024-02-26,3453.3585,3324.417755,3353.2218366666666,0.013012876147377618,sideways,sideways
2024-02-27,3494.7874,3338.212045,3352.5014816666667,0.012409880756030573,sideways,sideways
2024-02-28,3450.2598,3349.1283900000003,3351.4734383333334,0.012975156148864962,sideways,sideways
2024-02-29,3516.0826,3361.077075,3351.4327616666665,0.013242295005024076,bull,sideways
2024-03-01,3537.8038,3370.82132,3352.2577033333337,0.012685195179561369,bull,sideways
2024-03-04,3540.8686,3381.173685,3353.0021333333334,0.012626553853812823,bull,bull
2024-03-05,3565.5143,3394.25138,3354.37935,0.012325140093754267,bull,bull
2024-03-06,3551.0481,3409.55185,3355.8945183333335,0.011397302526646136,bull,bull
2024-03-07,3529.7195,3425.270235,3358.152225,0.01121839798551673,bull,bull
2024-03-08,3544.9099,3441.6301849999995,3360.57409,0.011179729567419073,bull,bull
2024-03-11,3589.2635,3462.11198,3363.8737766666663,0.010568934541055341,bull,bull
2024-03-12,3597.4939,3481.9655849999995,3367.1743116666667,0.010602875191456593,bull,bull
2024-03-13,3572.361,3494.999025,3369.722748333333,0.008531794747017474,bull,bull
2024-03-14,3562.2229,3505.9286549999997,3371.9797466666664,0.008540641845917843,bull,bull
2024-03-15,3569.993,3516.1818200000002,3375.3195466666666,0.008510270542506746,bull,bull
2024-03-18,3603.528,3526.16783,3379.5122816666667,0.008409047183543244,bull,bull
2024-03-19,3577.6303,3534.506635,3383.4469250000006,0.008705975554617317,bull,bull
2024-03-20,3585.3838,3540.93226,3387.713893333333,0.008307546262723982,bull,bull
2024-03-21,3581.0902,3545.6530349999994,3391.831376666667,0.008175993072547854,bull,bull
2024-03-22,3545.0023,3548.41607,3395.9563783333333,0.008568166639480896,bull,bull
2024-03-25,3525.7634,3552.036315,3399.204605,0.008291274586267643,bull,bull
2024-03-26,3543.7467,3554.4842799999997,3402.646581666667,0.007949320418635827,bull,bull
2024-03-27,3502.7866,3557.1106199999995,3405.2355116666668,0.007847613206221694,bull,bull
2024-03-28,3520.9648,3557.35473,3408.505088333333,0.006669844781621342,bull,bull
2024-03-29,3537.4843,3557.3387549999998,3411.8572066666666,0.006606445403330697,bull,bull
2024-04-01,3595.6466,3560.077655,3414.875645,0.007560986511561503,bull,bull
2024-04-02,3580.6759,3560.8357349999997,3417.368411666667,0.007492418153921992,bull,bull
2024-04-03,3567.8031,3561.6734850000003,3420.392593333333,0.0074791714480764325,bull,bull
2024-04-08,3536.4077,3562.007895,3423.02777,0.007627006906432841,bull,bull
2024-04-09,3533.4871,3561.436755,3426.1350233333337,0.007564992831050472,bull,bull
2024-04-10,3504.7086,3557.20901,3429.0616433333334,0.007146063056465155,bull,bull
2024-04-11,3504.2447,3552.5465500000005,3432.698115,0.00710471362836817,bull,bull
2024-04-12,3475.8389,3547.720445,3435.7537733333334,0.007156210416107726,bull,bull
2024-04-15,3549.0759,3547.0630950000004,3440.2862216666667,0.008719670224343633,bull,bull
2024-04-16,3511.1146,3544.1191750000007,3443.8769366666666,0.009009184506895824,bull,bull
2024-04-17,3565.403,3542.212925,3448.5642083333328,0.009461148579088316,bull,bull
2024-04-18,3569.8018,3541.8214999999996,3453.3789133333335,0.009333928055830283,bull,bull
2024-04-19,3541.6619,3539.635405,3457.3920083333337,0.009476673397235371,bull,bull
2024-04-22,3530.9045,3537.12612,3462.422383333333,0.009491994699872676,bull,bull
2024-04-23,3506.2249,3535.18725,3466.280655,0.00935492944980771,bull,bull
2024-04-24,3521.6219,3534.9801749999997,3470.4780816666666,0.00934083987821547,bull,bull
2024-04-25,3530.2813,3534.306905,3475.667743333333,0.009283159053257651,bull,bull
2024-04-26,3584.2686,3538.381005,3481.5400050000003,0.009485769563345877,bull,bull
2024-04-29,3623.9124,3543.5283850000005,3487.320063333333,0.009704281061425625,bull,bull
2024-04-30,3604.3943,3546.8738849999995,3491.677986666667,0.009790346112162522,bull,bull
2024-05-06,3657.8767,3549.9853900000003,3497.0789099999997,0.00966281289833967,bull,bull
2024-05-07,3659.0076,3553.9019749999998,3502.996363333333,0.009590885354973367,bull,bull
2024-05-08,3630.2233,3557.0229849999996,3509.4161066666666,0.009747833171506013,bull,bull
2024-05-09,3664.561,3563.43065,3516.9029266666666,0.009644826823524626,bull,bull
2024-05-10,3666.2771,3570.0701500000005,3524.3790299999996,0.009630433570955605,bull,bull
2024-05-13,3664.6907,3578.069255,3532.463415,0.00935804769978001,bull,bull
2024-05-14,3657.0454,3585.70929,3540.0738083333335,0.009394636398115214,bull,bull
2024-05-15,3626.0559,3593.2201400000004,3545.3132033333336,0.009416162738885129,bull,bull
2024-05-16,3640.3592,3597.7843049999997,3550.258685,0.008320949436750925,bull,bull
2024-05-17,3677.9696,3606.1270549999995,3555.4760166666665,0.008048991425193587,bull,bull
2024-05-20,3690.9623,3612.4050199999997,3560.261925,0.007445993088664856,bull,bull
2024-05-21,3676.1611,3617.7229850000003,3564.683706666667,0.007556933179498938,bull,bull
2024-05-22,3684.451,3624.86244,3568.476701666667,0.007227551674051988,bull,bull
2024-05-23,3641.7917,3630.4067999999997,3571.061985,0.007772785932145522,bull,bull
2024-05-24,3601.4754,3635.1693250000003,3572.924215,0.008057810311023815,bull,bull
2024-05-27,3635.7079,3640.873625,3575.9633716666663,0.008237792035085192,bull,bull
2024-05-28,3609.1724,3644.8181799999998,3577.869788333333,0.008471585272723533,bull,bull
2024-05-29,3613.5223,3646.2808649999997,3580.59083,0.007791232705707942,bull,bull
2024-05-30,3594.3121,3644.8008500000005,3581.8946549999996,0.007469722134330839,bull,bull
2024-05-31,3579.9247,3643.5773700000004,3582.59667,0.007427254066955594,sideways,bull
2024-06-03,3588.7483,3640.1209499999995,3583.3946650000003,0.006563811345549694,bull,bull
2024-06-04,3615.6714,3637.9541400000003,3584.2306166666667,0.0068272292148028775,bull,bull
2024-06-05,3594.7936,3636.1826550000005,3584.9597083333333,0.00672484737240313,bull,bull
2024-06-06,3592.2454,3632.5668750000004,3586.001806666667,0.006306133074416116,bull,bull
2024-06-07,3574.1143,3627.958735,3586.488546666667,0.006359967509112873,sideways,bull
2024-06-11,3542.8771,3621.8680550000004,3585.7154400000004,0.006571329845286538,sideways,bull
2024-06-12,3544.1225,3616.22191,3584.825916666667,0.006585762201526606,sideways,sideways
2024-06-13,3526.1306,3611.225645,3584.0554100000004,0.00643987321646351,sideways,sideways
2024-06-14,3541.5331,3606.2843399999997,3583.71058,0.006458959127981415,sideways,sideways
2024-06-17,3536.1986,3599.19579,3583.14734,0.0058448273608027144,sideways,sideways
2024-06-18,3545.5902,3591.9271850000005,3582.18171,0.005804715517677742,sideways,sideways
2024-06-19,3528.749,3584.5565799999995,3581.3670216666665,0.005820593742257698,sideways,sideways
2024-06-20,3503.2817,3575.498115,3579.9986533333336,0.005839077227133185,sideways,sideways
2024-06-21,3495.6198,3568.189520000001,3578.574146666667,0.0054343344043308595,sideways,sideways
2024-06-24,3476.8102,3561.95626,3577.4376116666667,0.005073212138744326,sideways,sideways
2024-06-25,3457.9023,3553.0659800000003,3576.3065933333337,0.004382036538128494,sideways,sideways
2024-06-26,3480.2648,3546.6206000000006,3575.248561666667,0.004660061778033952,sideways,sideways
2024-06-27,3454.1175,3538.6503599999996,3574.43741,0.004769972634231669,sideways,sideways
2024-06-28,3461.657,3532.017605,3573.448946666667,0.00481020263255258,sideways,sideways
2024-07-01,3478.1827,3526.9305049999994,3572.4605866666666,0.005001685708765978,sideways,sideways
2024-07-02,3471.7857,3521.0823750000004,3570.3962383333333,0.0049172309683898924,sideways,sideways
2024-07-03,3463.4141,3513.46951,3568.4418749999995,0.004421424716780559,sideways,sideways
2024-07-04,3445.8128,3506.0204699999995,3566.4087033333335,0.004394100647064192,sideways,sideways
2024-07-05,3431.0605,3497.961225,3564.6529166666664,0.004406953293024003,sideways,sideways
2024-07-08,3401.7604,3489.3435299999996,3562.4574716666666,0.004587709251208123,sideways,sideways
2024-07-09,3439.8111,3484.1902299999992,3561.375846666667,0.00526525654695083,sideways,sideways
2024-07-10,3428.9657,3478.4323899999995,3560.1211966666665,0.00526004127518493,sideways,sideways
2024-07-11,3468.169,3475.53431,3559.9933650000003,0.005942983070545421,sideways,sideways
2024-07-12,3472.4014,3472.077725,3558.715456666667,0.005839366502062398,sideways,sideways
2024-07-15,3476.2467,3469.08013,3558.134325,0.005855933082662414,sideways,sideways
2024-07-16,3498.2827,3466.714755,3557.015653333334,0.006027017861809551,sideways,sideways
2024-07-17,3501.5836,3465.3564850000002,3555.8786833333334,0.005957441281301567,sideways,sideways
2024-07-18,3520.931,3466.23895,3555.5331683333334,0.005867269396934277,sideways,sideways
2024-07-19,3539.0156,3468.40874,3555.6683533333335,0.005934153077674724,sideways,sideways
2024-07-22,3514.9249,3470.314475,3555.8133533333335,0.006018213427107555,sideways,sideways
2024-07-23,3439.8779,3469.4132550000004,3554.4509533333335,0.007676647640395105,sideways,sideways
2024-07-24,3418.1663,3466.30833,3552.5823700000005,0.007621225726811038,sideways,sideways
2024-07-25,3399.2716,3463.566035,3549.4990866666662,0.007542701422206326,sideways,sideways
2024-07-26,3409.2931,3460.94784,3545.9220983333335,0.007560407008132955,sideways,sideways
2024-07-29,3390.742,3456.5758050000004,3542.361226666667,0.0075135942880938155,sideways,sideways
2024-07-30,3369.3821,3451.455625,3537.5529833333335,0.0075978698906326945,sideways,sideways
2024-07-31,3442.0844,3450.38914,3533.937596666667,0.009171656744809412,bear,sideways
2024-08-01,3419.2666,3449.06183,3530.4216516666665,0.009220777136548402,bear,sideways
2024-08-02,3384.3919,3446.7284,3525.7521666666667,0.009445919040200347,bear,bear
2024-08-05,3343.3205,3443.8064050000003,3520.3695566666665,0.009636451637089998,bear,bear
2024-08-06,3342.9789,3438.964795,3515.0076933333335,0.009217628324212333,bear,bear
2024-08-07,3341.489,3434.59096,3509.7484200000004,0.009210195964987665,bear,bear
2024-08-08,3342.9369,3428.3293550000003,3505.02977,0.008728750109598163,bear,bear
2024-08-09,3331.6274,3421.290655,3499.8842400000003,0.0087055504407014,bear,bear
2024-08-12,3325.8645,3413.7715449999996,3494.015821666667,0.008674777400983838,bear,bear
2024-08-13,3334.3903,3405.5769250000003,3488.0729550000005,0.008519483806686885,bear,bear
2024-08-14,3309.2389,3395.9596899999997,3481.9575849999997,0.00855745049080929,bear,bear
2024-08-15,3341.953,3387.0107900000003,3476.249285,0.008831501800905885,bear,bear
2024-08-16,3345.634,3377.3417099999997,3471.3133233333338,0.008691213711309187,bear,bear
2024-08-19,3356.9677,3369.4438500000006,3467.238195,0.008740782055908893,bear,bear
2024-08-20,3332.7034,3364.085125,3462.1881200000003,0.0076153276083040095,bear,bear
2024-08-21,3321.635,3359.2585599999998,3457.39583,0.007546035530770856,bear,bear
2024-08-22,3313.1357,3354.9517650000003,3452.3893866666667,0.007489643840196146,bear,bear
2024-08-23,3327.1905,3350.8466349999994,3447.9373600000004,0.00753333511578044,bear,bear
2024-08-26,3324.2231,3347.52069,3443.675666666667,0.007466639532261953,bear,bear
2024-08-27,3305.3338,3344.318275,3438.9520916666665,0.007444670861817218,bear,bear
2024-08-28,3286.4956,3336.5388350000003,3433.4658283333333,0.005290726862472654,bear,bear
2024-08-29,3277.6812,3329.459565,3428.180621666667,0.005193339699396433,bear,bear
2024-08-30,3321.4323,3326.3115850000004,3423.66707,0.005883689589599312,bear,bear
2024-09-02,3265.011,3322.39611,3418.5153483333333,0.0064436959380607586,bear,bear
2024-09-03,3273.4282,3318.9185750000006,3414.024533333333,0.006494622780908595,bear,bear
2024-09-04,3252.1649,3314.45237,3409.158573333333,0.006605888872595047,bear,bear
2024-09-05,3257.7578,3310.193415,3404.685693333333,0.00663021213244331,bear,bear
2024-09-06,3231.3457,3305.1793300000004,3399.515903333333,0.0067916956929302535,bear,bear
2024-09-09,3192.9516,3298.533685,3393.79512,0.007177776141079126,bear,bear
2024-09-10,3195.7552,3291.60193,3387.964536666667,0.007130963759828021,bear,bear
2024-09-11,3186.1299,3285.44648,3382.2542183333335,0.007019943098823352,bear,bear
2024-09-12,3172.4747,3276.972565,3376.7407683333336,0.00646407761029657,bear,bear
2024-09-13,3159.247,3267.653215,3371.1345549999996,0.006413380827679713,bear,bear
2024-09-18,3171.0102,3258.35534,3366.0378883333333,0.0064309652971530976,bear,bear
2024-09-19,3196.0357,3251.5219549999997,3361.673445,0.006766188007822358,bear,bear
2024-09-20,3201.0497,3245.49269,3357.01986,0.006806813133477903,bear,bear
2024-09-23,3212.7639,3240.4741,3352.9973,0.0069127312774979206,bear,bear
2024-09-24,3351.909,3241.710025,3351.168166666667,0.01215622273473356,sideways,bear
2024-09-25,3401.533,3245.57552,3349.890671666667,0.01256557433442125,sideways,bear
2024-09-26,3545.3204,3257.57485,3351.11625,0.01542757555483871,sideways,sideways
2024-09-27,3703.6849,3278.434315,3355.1207633333333,0.017760564456261247,sideways,sideways
2024-09-30,4017.8545,3315.44298,3364.654791666667,0.024840665206724056,sideways,sideways
2024-10-08,4256.0962,3362.1761749999996,3378.405386666667,0.02713518480922488,sideways,sideways
2024-10-09,3955.9839,3396.7248200000004,3387.642445,0.03236473238535003,bull,sideways
2024-10-10,3997.7879,3432.942805,3396.9420583333335,0.032315797806585105,bull,sideways
2024-10-11,3887.167,3464.69291,3404.578746666667,0.033236904732684536,bull,bull
2024-10-14,3961.3424,3499.8721400000004,3412.7983033333335,0.033250363700675814,bull,bull
2024-10-15,3855.9949,3531.1046,3419.1915283333333,0.034037952447595804,bull,bull
2024-10-16,3831.589,3563.03647,3425.1139,0.033877321405434604,bull,bull
2024-10-17,3788.2217,3592.6597950000005,3429.9462166666663,0.03415310716243633,bull,bull
2024-10-18,3925.234,3629.6150000000002,3437.007056666667,0.034543913847808264,bull,bull
2024-10-21,3935.1974,3667.751135,3443.9114966666666,0.034417957593583494,bull,bull
2024-10-22,3957.7755,3707.67756,3450.8908283333335,0.03425314744859955,bull,bull
2024-10-23,3973.2089,3747.7874949999996,3458.528895,0.0342509618299893,bull,bull
2024-10-24,3928.8334,3784.4273799999996,3466.6781533333333,0.03463122595130638,bull,bull
2024-10-25,3956.421,3822.1959450000004,3475.6490649999996,0.0345749824476843,bull,bull
2024-10-28,3964.1569,3859.765595,3485.0638200000003,0.034596670705699925,bull,bull
2024-10-29,3924.649,3888.4025950000005,3493.653085,0.034034799693323466,bull,bull
2024-10-30,3889.4487,3912.79838,3501.9648633333336,0.034216355632172984,bull,bull
2024-10-31,3891.0396,3930.08434,3510.659155,0.0332290327375016,bull,bull
2024-11-01,3890.0203,3939.4011100000002,3518.124753333333,0.03191164606959932,bull,bull
2024-11-04,3944.7619,3935.7464800000002,3526.8830083333332,0.0256662144370175,bull,bull
2024-11-05,4044.5725,3925.170295,3537.886018333333,0.02240984493306277,bull,bull
2024-11-06,4024.2831,3928.5852549999995,3549.235395,0.015697595710370042,bull,bull
2024-11-07,4145.6952,3935.98062,3562.614,0.016894521468321405,bull,bull
2024-11-08,4104.047,3946.8246199999994,3575.3232999999996,0.01568432820951565,bull,bull
2024-11-11,4131.1312,3955.3140599999997,3588.4598716666665,0.01524597897496258,bull,bull
2024-11-12,4085.743,3966.8014649999996,3601.028465,0.014046290918407613,bull,bull
2024-11-13,4110.8901,3980.76652,3614.112225,0.013886814058312984,bull,bull
2024-11-14,4039.6191,3993.3363899999995,3625.866038333333,0.014286909426882896,bull,bull
2024-11-15,3968.8308,3995.5162299999997,3636.859236666666,0.012750344280771521,bull,bull
2024-11-18,3950.3806,3996.27539,3646.9996966666663,0.01279490828790114,bull,bull
2024-11-19,3976.8912,3997.231175,3657.52065,0.012818630950225162,bull,bull
2024-11-20,3985.7727,3997.8593650000003,3668.0007333333333,0.012799532515621891,bull,bull
2024-11-21,3989.2979,4000.88259,3678.943975,0.01251492117247358,bull,bull
2024-11-22,3865.6989,3996.3464849999996,3688.0117066666667,0.014286407717656165,bull,bull
2024-11-25,3848.0909,3990.543185,3696.9276266666666,0.014288199296946018,bull,bull
2024-11-26,3840.1847,3986.3199699999996,3705.4775299999997,0.014147021081724654,bull,bull
2024-11-27,3907.0447,3987.19977,3715.1912233333333,0.014587071658054887,bull,bull
2024-11-28,3872.5505,3986.275315,3724.644835,0.01472988091522639,bull,bull
2024-11-29,3916.5832,3987.60346,3735.146295,0.014952586478727218,bull,bull
2024-12-02,3947.632,3987.746965,3746.312141666667,0.014719179975840695,bull,bull
2024-12-03,3951.8912,3983.1129,3756.81979,0.013484505087211834,bull,bull
2024-12-04,3930.5568,3978.4265849999997,3767.9122199999997,0.013490656714089336,bull,bull
2024-12-05,3921.5881,3967.22123,3778.7148850000003,0.011307831357336649,bull,bull
2024-12-06,3973.1405,3960.675905,3790.7311449999997,0.011698713227340514,bull,bull
2024-12-09,3966.5708,3952.447885,3802.544695,0.01154046314772694,bull,bull
2024-12-10,3995.6369,3947.94258,3815.2828816666665,0.011513644553165685,bull,bull
2024-12-11,3988.8308,3941.839615,3828.547535,0.011388198915621393,bull,bull
2024-12-12,4028.5048,3941.2839,3842.426695,0.011012080036960336,bull,bull
2024-12-13,3933.1808,3939.5014,3854.8775433333335,0.011594063596356832,bull,bull
2024-12-16,3911.8416,3937.57445,3867.200325,0.011610379492493916,bull,bull
2024-12-17,3922.0334,3934.83156,3879.913431666667,0.01151345346028112,bull,bull
2024-12-18,3941.89,3932.637425,3892.7614283333332,0.011567756104428402,bull,bull
2024-12-19,3945.4635,3930.4457049999996,3905.251891666667,0.011567895284837345,bull,bull
2024-12-20,3927.7441,3933.547965,3917.363465,0.009158053779516303,bull,bull
2024-12-23,3933.5718,3937.82201,3929.37693,0.009070073577923348,bull,bull
2024-12-24,3983.6882,3944.997185,3939.906583333333,0.009393541207721132,bull,bull
2024-12-25,3985.6291,3948.9264049999997,3949.641518333333,0.0086538353707856,bull,bull
2024-12-26,3987.4801,3954.672885,3957.0108466666666,0.008340327867979556,bull,bull
2024-12-27,3981.0307,3957.89526,3961.633276666667,0.008030957116722517,bull,bull
2024-12-30,3999.0549,3960.466405,3961.3199499999996,0.007908239597580404,bull,bull
2024-12-31,3934.9109,3959.6173900000003,3955.966861666667,0.008744646111852702,sideways,bull
2025-01-02,3820.3952,3954.1093100000007,3953.70705,0.010843747036846634,sideways,bull
2025-01-03,3775.1648,3946.788145,3949.996665,0.011094026672969043,sideways,sideways
2025-01-06,3768.9697,3936.5796050000004,3948.0267099999996,0.010520531561770368,sideways,sideways
2025-01-07,3796.1055,3928.05634,3945.2727616666666,0.010745470778374608,sideways,sideways
2025-01-08,3789.2153,3917.7352600000004,3944.1597683333334,0.010513531458840118,sideways,sideways
2025-01-09,3779.8773,3907.2875849999996,3943.2979066666667,0.010511509188078838,sideways,sideways
2025-01-10,3732.4806,3892.4863749999995,3942.368888333333,0.010295447918295784,sideways,sideways
2025-01-13,3722.513,3881.952985,3938.990205,0.00916771449098575,sideways,sideways
2025-01-14,3820.5395,3877.3878799999998,3937.07924,0.011197990708881835,sideways,sideways
2025-01-15,3796.026,3871.08751,3934.383415,0.011221688242970844,sideways,sideways
2025-01-16,3800.3836,3864.01219,3931.5029933333335,0.011133671103104745,sideways,sideways
2025-01-17,3812.3429,3857.3561600000003,3929.561485,0.011173187946487861,sideways,sideways
2025-01-20,3829.6764,3852.452775,3927.449075,0.011235048986009692,sideways,sideways
2025-01-21,3832.6145,3847.4049099999997,3925.2567016666667,0.011227169046414827,sideways,sideways
2025-01-22,3797.0166,3838.0713299999998,3923.129495,0.010857990164096602,sideways,sideways
2025-01-23,3803.7439,3828.97707,3921.7010816666666,0.010879375401668737,sideways,sideways
2025-01-24,3832.8637,3821.24625,3920.7314833333335,0.011091489050455391,sideways,sideways
2025-01-27,3817.0802,3813.0487249999996,3919.5158149999997,0.011102024526008628,sideways,sideways
2025-02-05,3795.0848,3802.8502199999994,3917.0211966666666,0.011019683930615766,sideways,sideways
2025-02-06,3842.8314,3798.246245,3913.658845,0.01103491829133354,sideways,sideways
2025-02-07,3892.7028,3801.861625,3911.46584,0.009294186099188842,sideways,sideways
2025-02-10,3901.0618,3808.156475,3907.388616666666,0.008791569145571717,sideways,sideways
2025-02-11,3883.1352,3813.8647499999997,3903.7067533333334,0.008874696320029966,sideways,sideways
2025-02-12,3919.8617,3820.05256,3900.185595,0.008964532215499635,sideways,sideways
2025-02-13,3905.1398,3825.8487849999997,3897.1755416666665,0.00901429974642528,sideways,sideways
2025-02-14,3939.0085,3833.8053449999998,3894.310848333333,0.009097128725095074,sideways,sideways
2025-02-17,3947.3983,3844.55123,3892.773835,0.008420659959861377,sideways,sideways
2025-02-18,3912.7829,3854.064725,3891.8397033333335,0.008735130685541949,sideways,sideways
2025-02-19,3940.1602,3860.04576,3891.6693633333334,0.0068228092103169175,sideways,sideways
2025-02-20,3928.8959,3866.6892550000002,3890.8694416666667,0.006647924105089406,sideways,sideways
2025-02-21,3978.444,3875.592275,3890.7472966666664,0.007074435538045047,sideways,sideways
2025-02-24,3969.7169,3883.4609749999995,3890.420946666666,0.007141881276207424,sideways,sideways
2025-02-25,3925.6505,3888.25968,3891.42014,0.00768987056845658,sideways,sideways
2025-02-26,3959.9413,3894.6260200000006,3893.284313333333,0.007867004840629547,bull,sideways
2025-02-27,3968.1159,3903.180985,3895.4165,0.007432695901459675,bull,sideways
2025-02-28,3890.0487,3907.496225,3895.1332333333335,0.008903935104542812,sideways,sideways
2025-03-03,3888.4738,3910.27673,3895.3986216666667,0.008775958089574973,sideways,sideways
2025-03-04,3885.2208,3913.68376,3894.8759149999996,0.008710449400557952,sideways,sideways
2025-03-05,3902.5706,3919.0580500000005,3894.1248916666664,0.008596905746614966,bull,sideways
2025-03-06,3956.2369,3924.728325,3894.19732,0.008680364655660393,bull,sideways
2025-03-07,3944.0143,3927.2938999999997,3894.4216116666666,0.008296340453550764,bull,bull
2025-03-10,3928.8018,3928.6809000000003,3894.54184,0.008349215574988574,bull,bull
2025-03-11,3941.4157,3931.594925,3894.0130933333335,0.008286238570027036,bull,bull
2025-03-12,3927.2315,3931.9634149999997,3893.357438333333,0.008078102580774009,bull,bull
2025-03-13,3911.5793,3932.28539,3891.9564783333335,0.008084075061036755,bull,bull
2025-03-14,4006.5567,3935.6628000000005,3892.25191,0.00957057535008635,bull,bull
2025-03-17,3996.7876,3938.132265,3891.72329,0.009594007417189906,bull,bull
2025-03-18,4007.7229,3942.8792649999996,3892.965658333333,0.009340095756840434,bull,bull
2025-03-19,4010.168,3946.3796549999997,3894.6044316666666,0.009241597798860591,bull,bull
2025-03-20,3974.9918,3948.6844499999997,3895.487071666667,0.009460873590959826,bull,bull
2025-03-21,3914.6956,3945.49703,3895.0338316666666,0.009646074258143154,bull,bull
2025-03-24,3934.8486,3943.753615,3894.856916666666,0.009728121168409909,bull,bull
2025-03-25,3932.2951,3944.085845,3894.932766666667,0.009397946298610979,bull,bull
2025-03-26,3919.3566,3942.0566099999996,3894.695846666667,0.009200805490335863,bull,bull
2025-03-27,3932.4117,3940.2714,3893.8412383333334,0.009223533761224608,bull,bull
2025-03-28,3915.1662,3941.5272750000004,3892.666856666667,0.008109367939116185,bull,bull
2025-03-31,3887.3056,3941.4688650000003,3890.9972816666664,0.008279443152770198,sideways,bull
2025-04-01,3887.6841,3941.5920300000007,3889.4415050000002,0.008277006917722133,sideways,bull
2025-04-02,3884.3858,3940.68279,3887.5303533333336,0.008213323403777504,sideways,sideways
2025-04-03,3861.5034,3935.9461149999997,3886.3068949999997,0.007609202309434018,sideways,sideways
2025-04-07,3589.4406,3918.2174299999997,3882.457651666666,0.017271946767389103,sideways,sideways
2025-04-08,3650.759,3904.31529,3880.3842216666667,0.01793812680747205,sideways,sideways
2025-04-09,3686.7943,3891.5842199999997,3879.0146316666664,0.018130147186273725,sideways,sideways
2025-04-10,3735.1151,3881.9784,3877.998125,0.0184906767200526,sideways,sideways
2025-04-11,3750.5167,3873.9252699999997,3877.353148333333,0.018541455981699748,sideways,sideways
2025-04-14,3759.1422,3861.554545,3877.007563333333,0.017529791411649558,sideways,sideways
2025-04-15,3761.2348,3849.7769049999997,3877.4868,0.017547898695363457,sideways,sideways
2025-04-16,3772.8204,3838.0317800000003,3878.3252566666665,0.017553865689006826,sideways,sideways
2025-04-17,3772.2221,3826.134485,3877.5199666666667,0.017546700157253202,sideways,sideways
2025-04-18,3772.523,3816.011045,3877.12825,0.017502427776184902,sideways,sideways
2025-04-21,3784.8806,3809.520295,3876.869866666667,0.017282043442073344,sideways,sideways
2025-04-22,3783.9522,3801.975475,3876.3966883333333,0.017214184693748108,sideways,sideways
2025-04-23,3786.8824,3794.70484,3875.683455,0.01722216342933194,sideways,sideways
2025-04-24,3784.3574,3787.9548800000002,3874.87917,0.0172196894197885,sideways,sideways
2025-04-25,3786.9937,3780.6839800000002,3874.7121216666665,0.017190001088500616,sideways,sideways
2025-04-28,3781.6188,3774.0066100000004,3874.34337,0.01717873227515331,sideways,sideways
2025-04-29,3775.0767,3768.3951649999995,3873.3802533333337,0.017129654361363947,sideways,sideways
2025-04-30,3770.5705,3762.539485,3872.605091666667,0.01712647019316403,sideways,sideways
2025-05-06,3808.5424,3758.7473150000005,3872.829385,0.017317382360064318,sideways,sideways
2025-05-07,3831.627,3757.253495,3872.642645,0.01734001680901475,sideways,sideways
2025-05-08,3852.8963,3770.4262800000006,3871.9792033333338,0.005268047041773849,sideways,sideways
2025-05-09,3846.1566,3780.1961599999995,3871.064116666667,0.00432196531635102,sideways,sideways
2025-05-12,3890.6096,3790.3869250000002,3871.18869,0.00448436354742061,sideways,sideways
2025-05-13,3896.2583,3798.4440850000005,3870.7953,0.0037601476634602413,sideways,sideways
2025-05-14,3943.2108,3808.0787900000005,3871.429816666667,0.004353369949045313,sideways,sideways
2025-05-15,3907.1992,3815.4816399999995,3870.899661666667,0.005074284304913181,sideways,sideways
2025-05-16,3889.0854,3821.8741700000005,3869.92778,0.005277851639246356,sideways,sideways
2025-05-19,3877.1453,3827.0904149999997,3869.33382,0.005370697129572877,sideways,sideways
2025-05-20,3898.1705,3833.387835,3868.633991666667,0.0054312983057695375,sideways,sideways
2025-05-21,3916.3807,3840.5807199999995,3868.425405,0.005458078830543448,sideways,sideways
2025-05-22,3913.8651,3847.0299450000007,3867.3490900000006,0.005475898597932989,sideways,sideways
2025-05-23,3882.2741,3851.9460400000003,3865.8917100000003,0.005885853589620801,sideways,sideways
2025-05-26,3860.1067,3855.6072550000004,3864.7993133333334,0.0060913239073784485,sideways,sideways
2025-05-27,3839.3969,3858.3592299999996,3862.79024,0.006246615054953865,sideways,sideways
2025-05-28,3836.2366,3860.8213750000004,3860.592251666667,0.006256415502843041,sideways,sideways
2025-05-29,3858.6998,3864.675425,3860.06977,0.006339795064938205,sideways,sideways
2025-05-30,3840.2323,3867.9332050000003,3859.2657449999997,0.006445718369253044,sideways,sideways
2025-06-03,3852.0127,3872.005315,3858.7122766666666,0.006444144513101683,sideways,sideways
2025-06-04,3868.7429,3875.0153399999995,3858.1484816666666,0.0061442774987126685,bull,sideways
2025-06-05,3877.5557,3877.3117749999997,3856.837128333333,0.006031044274534097,bull,sideways
2025-06-06,3873.9841,3878.3661649999995,3855.6699583333334,0.005924855790136785,bull,bull
2025-06-09,3885.2459,3880.3206300000006,3854.9440266666666,0.005932002364852008,bull,bull
2025-06-10,3865.4652,3879.0634099999997,3853.6781849999998,0.0054505375581617105,bull,bull
2025-06-11,3894.6252,3878.981755,3853.134746666667,0.005717841437874062,bull,bull
2025-06-12,3892.1992,3876.4311749999993,3852.811745,0.004963980956369722,bull,bull
2025-06-13,3864.1822,3874.2803250000006,3850.4388366666667,0.004806123246928561,bull,bull
2025-06-16,3873.7951,3873.51581,3848.3889616666665,0.004750424920839546,bull,bull
2025-06-17,3870.3786,3873.1774750000004,3846.09989,0.004705493743206036,bull,bull
2025-06-18,3874.9708,3872.0174899999997,3843.8466033333334,0.004537237875778459,bull,bull
2025-06-19,3843.0912,3868.3530149999997,3841.64826,0.004708566569713021,bull,bull
2025-06-20,3846.6443,3864.9919749999995,3840.5140716666665,0.004726667610970385,bull,bull
2025-06-23,3857.9016,3863.7733500000004,3839.231621666667,0.004476043407367681,bull,bull
2025-06-24,3904.0342,3865.969725,3838.7606066666663,0.00505878404624367,bull,bull
2025-06-25,3960.0662,3872.0031900000004,3839.4391,0.005717951887956079,bull,bull
2025-06-26,3946.0195,3877.492335,3839.6658966666664,0.0058095117365468615,bull,bull
2025-06-27,3921.7578,3880.645235,3839.775756666667,0.0059464554958634066,bull,bull
2025-06-30,3936.0791,3885.437575,3840.5886483333334,0.005825313676121761,bull,bull
2025-07-01,3942.762,3889.9750400000003,3841.506613333333,0.0058108464019672144,bull,bull
2025-07-02,3943.6849,3893.7221400000003,3842.4949316666666,0.005765619938730826,bull,bull
2025-07-03,3968.0676,3898.247735,3844.271001666667,0.005877080880407302,bull,bull
2025-07-04,3982.2034,3903.6587,3850.8170483333333,0.005878599328482664,bull,bull
2025-07-07,3965.1746,3907.655135,3856.0573083333334,0.00599954377170432,bull,bull
2025-07-08,3998.4527,3914.3045100000004,3861.251615,0.006032318953779967,bull,bull
2025-07-09,3991.4006,3919.1432799999993,3865.52304,0.005916481605933423,bull,bull
2025-07-10,4010.0243,3925.034535,3869.848166666667,0.005946737976256653,bull,bull
2025-07-11,4014.807,3932.565775,3874.109246666667,0.005585100210149088,bull,bull
2025-07-14,4017.6678,3939.7594099999997,3878.38313,0.005589849823559902,bull,bull
2025-07-15,4019.0644,3947.1937,3882.487196666667,0.005565046418188282,bull,bull
2025-07-16,4007.2019,3953.805255,3886.4035266666665,0.005668973870539953,bull,bull
2025-07-17,4034.491,3963.375245,3890.76966,0.0052667641590549725,bull,bull
2025-07-18,4058.5486,3973.9704600000005,3895.3307933333335,0.005310466387720017,bull,bull
2025-07-21,4085.6072,3985.35574,3900.3583766666666,0.00538428773001205,bull,bull
2025-07-22,4118.9582,3996.1019399999996,3905.8929733333334,0.005107482375099108,bull,bull
2025-07-23,4119.7685,4004.087055,3911.4831583333334,0.004328499933484758,bull,bull
2025-07-24,4149.0368,4014.2379200000005,3917.51721,0.004266497100379747,bull,bull
2025-07-25,4127.1634,4024.5082,3923.2762866666667,0.004176318391400366,bull,bull
2025-07-28,4135.8242,4034.4954549999993,3929.288745,0.004169463436582911,bull,bull
2025-07-29,4152.0247,4044.9585900000006,3935.646315,0.004176897842017732,bull,bull
2025-07-30,4151.2379,4055.3362399999996,3941.357906666666,0.004190562795577508,bull,bull
2025-07-31,4075.5912,4060.7124200000007,3945.423976666667,0.006170641367761289,bull,bull
2025-08-01,4054.9286,4064.3486800000005,3948.7911816666665,0.0063085375087790834,bull,bull
2025-08-04,4070.7023,4069.6250649999993,3952.53361,0.00621784799515167,bull,bull
2025-08-05,4103.45,4074.8749299999995,3956.0809500000005,0.006197512923797684,bull,bull
2025-08-06,4113.4852,4080.9791600000003,3959.701398333333,0.006158803023484302,bull,bull
2025-08-07,4114.666,4086.211245,3962.558985,0.006118996586331025,bull,bull
2025-08-08,4104.9669,4090.71924,3965.8551133333335,0.006173719918657937,bull,bull
2025-08-11,4122.5106,4095.9613799999997,3969.7455333333332,0.0062123051327752895,bull,bull
2025-08-12,4143.8252,4102.19942,3974.1901983333332,0.006266455745400904,bull,bull
2025-08-13,4176.5776,4110.668205,3978.8303166666665,0.006326016107129859,bull,bull
2025-08-14,4173.3131,4117.609310000001,3983.1125233333337,0.006255335975663003,bull,bull
2025-08-15,4202.3533,4124.799545,3987.92066,0.006294784621225377,bull,bull
2025-08-18,4239.4125,4132.48981,3993.872966666667,0.006400535117339762,bull,bull
2025-08-19,4223.3741,4137.710605,3999.9274233333335,0.00633937534506173,bull,bull
2025-08-20,4271.3958,4145.29197,4007.127405,0.0067205632628221015,bull,bull
2025-08-21,4288.0707,4152.243665,4014.6579733333338,0.006625809057979115,bull,bull
2025-08-22,4377.9977,4164.785379999999,4023.3129383333335,0.007691512402553606,bull,bull
2025-08-25,4469.2217,4181.455255,4033.7960949999997,0.008658645223548039,bull,bull
2025-08-26,4452.5905,4196.483545,4043.805725,0.008825601207442316,bull,bull
2025-08-27,4386.1266,4208.227980000001,4052.4287866666664,0.009722793590126141,bull,bull
2025-08-28,4463.782,4227.637519999999,4062.199225,0.00891992749838237,bull,bull
2025-08-29,4496.7591,4249.729045,4072.578808333333,0.008639925301439396,bull,bull
2025-09-01,4523.7111,4272.379485,4083.219895,0.008635687292956115,bull,bull
2025-09-02,4490.4528,4291.729625,4093.6363550000005,0.009056503171425775,bull,bull
2025-09-03,4459.8296,4309.046845,4103.056428333333,0.0094005287854092,bull,bull
2025-09-04,4365.2085,4321.5739699999995,4110.939916666666,0.010959110603061616,bull,bull
2025-09-05,4460.3249,4339.34187,4120.875628333333,0.011644576863496592,bull,bull
2025-09-08,4467.5733,4356.595005000001,4130.771931666667,0.011659035467331448,bull,bull
2025-09-09,4436.2584,4371.216665,4140.203261666667,0.011915011115918257,bull,bull
2025-09-10,4445.3649,4384.65603,4149.70983,0.011872498963279441,bull,bull
2025-09-11,4548.0345,4403.392099999999,4161.458885,0.012628548127622255,bull,bull
2025-09-12,4521.998,4419.3743349999995,4172.71478,0.01280962002517293,bull,bull
2025-09-15,4533.0557,4434.056495,4183.967348333334,0.01275604901851576,bull,bull
2025-09-16,4523.3367,4449.054625,4194.2890566666665,0.012712448757441324,bull,bull
2025-09-17,4551.023,4463.035985,4204.138336666667,0.012595331578747052,bull,bull
2025-09-18,4498.109,4473.5379,4213.339828333334,0.013024387224723108,bull,bull
2025-09-19,4501.9195,4479.73399,4223.00919,0.0122760061211508,bull,bull
2025-09-22,4522.608,4482.403305000001,4232.784671666666,0.011435725107597383,bull,bull
2025-09-23,4519.7781,4485.762685,4242.401606666667,0.011394237854182348,bull,bull
2025-09-24,4566.0708,4494.759895,4252.774705,0.010945684048067483,bull,bull
2025-09-25,4593.4875,4501.24517,4263.19837,0.01036319218265373,bull,bull
2025-09-26,4550.0487,4503.90965,4272.662458333333,0.010541093298930807,bull,bull
2025-09-29,4620.0528,4508.726734999999,4283.577095,0.01099161658612625,bull,bull
2025-09-30,4640.6935,4516.23877,4294.281108333334,0.010829166646841125,bull,bull
2025-10-09,4709.482,4528.721390000001,4306.249131666667,0.011012547052726245,bull,bull
2025-10-10,4616.8341,4541.30267,4316.362628333333,0.010839529251357219,bull,bull
2025-10-13,4593.9785,4547.98535,4326.015486666666,0.009998487253342254,bull,bull
2025-10-14,4539.0644,4551.559905,4334.70543,0.010442470611530096,bull,bull
2025-10-15,4606.2879,4560.06138,4344.492488333333,0.010714843171508422,bull,bull
2025-10-16,4618.4218,4568.714225000001,4354.679486666667,0.010715963215681227,bull,bull
2025-10-17,4514.2345,4567.024225,4362.675211666667,0.010839934170523795,bull,bull
2025-10-20,4538.2201,4567.83533,4370.669736666667,0.010831099926358435,bull,bull
2025-10-21,4607.8715,4571.57612,4379.374141666666,0.011341882238178658,bull,bull
2025-10-22,4592.57,4575.037785,4387.2676716666665,0.011361430586069412,bull,bull
2025-10-23,4606.3447,4577.803870000001,4395.377275000001,0.011306105052246659,bull,bull
2025-10-24,4660.6835,4585.932595,4403.90472,0.01117824726420208,bull,bull
2025-10-27,4716.0186,4596.63755,4413.718973333333,0.011396635843152291,bull,bull
2025-10-28,4691.973,4605.105799999999,4422.98812,0.01150344380617057,bull,bull
2025-10-29,4747.8378,4616.508785,4432.918338333333,0.01169812962331287,bull,bull
2025-10-30,4709.911,4623.700795,4442.229556666667,0.011775530203044341,bull,bull
2025-10-31,4640.6676,4626.0598,4451.6474966666665,0.012269459563013804,bull,bull
2025-11-03,4653.4028,4631.227505,4461.622066666667,0.012045296125799796,bull,bull
2025-11-04,4618.699,4631.159815000001,4470.755345,0.011706960483157378,bull,bull
2025-11-05,4627.257,4630.48799,4479.485461666667,0.01166957791996586,bull,bull
2025-11-06,4693.4032,4629.68405,4489.150761666667,0.011634634242091981,bull,bull
2025-11-07,4678.7944,4632.782065,4498.552901666667,0.010722386149644825,bull,bull
2025-11-10,4695.0507,4637.835675,4508.387631666667,0.010653095231337456,bull,bull
2025-11-11,4652.1655,4643.4907299999995,4517.215213333333,0.010488052332590748,bull,bull
2025-11-12,4645.9079,4645.47173,4525.583258333334,0.010002332050583831,bull,bull
2025-11-13,4702.0738,4649.654329999999,4534.341528333333,0.010327859262861805,bull,bull
2025-11-14,4628.1398,4655.349595,4541.921973333333,0.00959617910647776,bull,bull
2025-11-17,4598.0525,4658.3412149999995,4548.51696,0.009698590258414484,bull,bull
2025-11-18,4568.1928,4656.35728,4553.996631666667,0.009178132076180524,bull,bull
2025-11-19,4588.2922,4656.143389999999,4560.0786,0.009210786622526933,bull,bull
2025-11-20,4564.9483,4654.07357,4564.971141666667,0.009249324351436432,bull,bull
2025-11-21,4453.6076,4643.719775,4567.73009,0.010223776999838405,bull,bull
2025-11-24,4448.0478,4630.321235,4568.897591666667,0.009678291598864847,sideways,bull
2025-11-25,4490.4047,4620.24282,4569.2506416666665,0.010046769753322844,sideways,bull
2025-11-26,4517.6255,4608.732205,4570.334558333333,0.009695407080844315,sideways,sideways
2025-11-27,4515.4027,4599.00679,4572.489159999999,0.009614073503495833,sideways,sideways
2025-11-28,4526.6616,4593.30649,4573.537153333334,0.00918350836579857,sideways,sideways
2025-12-01,4576.4856,4589.46063,4574.865928333334,0.009548982951298128,bull,sideways
2025-12-02,4554.3347,4586.242415,4575.376321666667,0.009470393024321922,sideways,sideways
2025-12-03,4531.0486,4581.431995,4576.052918333333,0.009501206023711963,sideways,sideways
2025-12-04,4546.5664,4574.090155,4577.498531666667,0.008869732982425669,sideways,sideways
2025-12-05,4584.5368,4569.377275,4581.154003333333,0.009130074120633649,sideways,sideways
2025-12-08,4621.7545,4565.7124650000005,4583.8444966666675,0.009306579654238995,sideways,sideways
2025-12-09,4598.2232,4563.01535,4586.021995,0.009157491180204124,sideways,sideways
2025-12-10,4591.8273,4560.31132,4588.61481,0.009157708333611406,sideways,sideways
2025-12-11,4552.1848,4552.816870000001,4590.395141666667,0.008819006272271326,sideways,sideways
2025-12-12,4580.95,4550.457380000001,4590.9437333333335,0.008321935429577515,sideways,sideways
2025-12-15,4552.0596,4548.157735,4591.44476,0.008314645558096218,sideways,sideways
2025-12-16,4497.5545,4544.625819999999,4590.853073333333,0.008608700157640235,sideways,sideways
2025-12-17,4579.875,4544.20496,4591.795378333333,0.009555237356077767,sideways,sideways
2025-12-18,4552.7926,4543.597175,4591.824871666667,0.009579906918069826,sideways,sideways
2025-12-19,4568.1781,4549.325699999999,4592.99269,0.007700533808872623,sideways,sideways
2025-12-22,4611.6235,4557.5044849999995,4594.8210899999995,0.00788676245176639,sideways,sideways
2025-12-23,4620.7341,4564.020955,4596.456525,0.007677445316975974,sideways,sideways
2025-12-24,4634.0586,4569.84261,4598.361199999999,0.007609759024058702,sideways,sideways
2025-12-25,4642.5357,4576.199259999999,4599.635615,0.0075986734645669555,sideways,sideways
2025-12-26,4657.24,4582.72818,4600.698156666667,0.007605190510727259,sideways,sideways
2025-12-29,4639.3721,4585.872505,4602.186879999999,0.00734327074040023,sideways,sideways
2025-12-30,4651.2818,4590.719859999999,4602.707363333334,0.007234701866331534,sideways,sideways
2025-12-31,4629.9395,4595.664405,4602.52813,0.0072119931851112274,sideways,sideways
